{
    "46.5,-83.5": 0.00034661395992174887,
    "46.5,-82.5": 0.00034661395992174887,
    "46.5,-81.5": 0.0003466139599217489,
    "44.5,-80.5": 1.2014123721263558e-07,
    "45.5,-80.5": 1.710317541500214e-06,
    "43.5,-79.5": 1.0139103351207313e-15,
    "44.5,-79.5": 1.2014123721263577e-07,
    "43.5,-78.5": 1.105993077311327e-07,
    "43.5,-77.5": 1.201412372126358e-07,
    "44.5,-78.5": 1.2014123721263595e-07,
    "44.5,-77.5": 1.2014123721263577e-07,
    "42.5,-79.5": 5.072590452688323e-33,
    "42.5,-80.5": 8.675740432079402e-39,
    "41.5,-81.5": 2.537815525634324e-50,
    "42.5,-82.5": 4.366826555270606e-40,
    "42.5,-81.5": 6.09427292858981e-40,
    "44.5,-75.5": 1.710317541500219e-06,
    "44.5,-76.5": 4.794232778628935e-07,
    "45.5,-77.5": 0.00034661395992174833,
    "42.5,-78.5": 1.0280141676646176e-30,
    "45.5,-76.5": 0.0003466139599217494,
    "43.5,-80.5": 5.002997086605611e-18,
    "44.5,-74.5": 1.7103175415002138e-06,
    "45.5,-74.5": 0.0003466139599217489,
    "43.5,-81.5": 8.556713677295991e-24,
    "45.5,-75.5": 0.0003466139599217489,
    "46.5,-80.5": 0.0003466139599217489,
    "45.5,-82.5": 1.7103175415002144e-06,
    "45.5,-78.5": 0.0003466139599217489,
    "42.5,-77.5": 2.0833795646938435e-28,
    "46.5,-78.5": 0.0003466139599217484,
    "46.5,-77.5": 0.000346613959921749,
    "43.5,-76.5": 1.2014123721263595e-07,
    "43.5,-75.5": 1.2014123721263592e-07,
    "45.5,-73.5": 0.0003466139599217489,
    "45.5,-79.5": 0.0003466139599217484,
    "48.5,-93.5": 0.0702449891891147,
    "44.5,-73.5": 1.7103175415002165e-06,
    "45.5,-71.5": 0.0003466139599217484,
    "46.5,-73.5": 0.004934358506178842,
    "46.5,-74.5": 0.0007618809429484331,
    "45.5,-72.5": 0.00034661395992174887,
    "46.5,-70.5": 0.0049343585061788495,
    "45.5,-70.5": 0.0003466139599217489,
    "46.5,-71.5": 0.0049343585061788426,
    "46.5,-69.5": 0.004934358506178842,
    "46.5,-72.5": 0.004934358506178842,
    "45.5,-69.5": 0.0049343585061788495,
    "47.5,-69.5": 0.0702449891891147,
    "46.5,-76.5": 0.00034661395992174947,
    "47.5,-67.5": 0.0702449891891147,
    "32.5,-85.5": 4.400847808576763e-71,
    "30.5,-86.5": 3.091375067364099e-72,
    "30.5,-87.5": 3.864808443090929e-71,
    "31.5,-84.5": 4.400847808576768e-71,
    "32.5,-84.5": 4.6571943024957304e-70,
    "33.5,-86.5": 6.264998912205324e-70,
    "32.5,-86.5": 4.657194302495731e-70,
    "33.5,-85.5": 6.264998912205268e-70,
    "33.5,-84.5": 6.264998912205336e-70,
    "34.5,-84.5": 3.060395004747316e-63,
    "32.5,-87.5": 6.264998912205347e-70,
    "31.5,-87.5": 4.4008478085767506e-71,
    "34.5,-86.5": 2.573117390070468e-65,
    "31.5,-85.5": 4.400847808576755e-71,
    "34.5,-85.5": 3.6630618351197355e-64,
    "34.5,-87.5": 1.060750081227879e-65,
    "33.5,-91.5": 8.918784079158332e-69,
    "36.5,-91.5": 7.423582681584356e-62,
    "36.5,-93.5": 5.214694852123938e-63,
    "36.5,-92.5": 2.5346656514401743e-62,
    "33.5,-90.5": 6.724397718165746e-69,
    "35.5,-90.5": 5.214694852123848e-63,
    "33.5,-92.5": 8.918784079158393e-69,
    "35.5,-91.5": 5.21469485212393e-63,
    "35.5,-89.5": 5.214694852123914e-63,
    "35.5,-93.5": 5.214694852123932e-63,
    "34.5,-91.5": 1.7288927952528987e-64,
    "35.5,-92.5": 5.214694852123914e-63,
    "34.5,-92.5": 9.05794983266527e-64,
    "34.5,-93.5": 5.214694852123905e-63,
    "34.5,-89.5": 2.573117390070473e-65,
    "33.5,-93.5": 1.2696683681090962e-67,
    "36.5,-90.5": 7.42358268158426e-62,
    "41.5,-72.5": 8.081686960541765e-18,
    "41.5,-71.5": 5.928199357830202e-10,
    "42.5,-71.5": 1.2014123721263555e-07,
    "42.5,-72.5": 2.9059858659510293e-08,
    "41.5,-70.5": 8.439319909168463e-09,
    "42.5,-70.5": 1.2014123721263558e-07,
    "38.5,-75.5": 1.252249162602632e-52,
    "38.5,-76.5": 1.2522491626026378e-52,
    "39.5,-74.5": 2.4496463806511906e-47,
    "38.5,-74.5": 1.7826882416215074e-51,
    "30.5,-83.5": 4.4008478085767184e-71,
    "30.5,-85.5": 3.8648084430909404e-71,
    "31.5,-81.5": 6.264998912205309e-70,
    "34.5,-82.5": 7.423582681584333e-62,
    "33.5,-82.5": 1.3627704005992621e-66,
    "34.5,-83.5": 3.503784317835742e-62,
    "31.5,-82.5": 4.40084780857675e-71,
    "32.5,-82.5": 8.918784079158359e-69,
    "32.5,-80.5": 1.2696683681090916e-67,
    "33.5,-80.5": 3.663061835119804e-64,
    "33.5,-81.5": 2.57311739007046e-65,
    "32.5,-81.5": 1.269668368109078e-67,
    "33.5,-83.5": 1.2696683681090892e-67,
    "31.5,-80.5": 6.264998912205317e-70,
    "32.5,-79.5": 2.573117390070477e-65,
    "34.5,-81.5": 7.423582681584355e-62,
    "32.5,-83.5": 6.264998912205263e-70,
    "43.5,-90.5": 3.7116643150414886e-26,
    "42.5,-91.5": 2.998703602657958e-42,
    "41.5,-92.5": 2.537815525634279e-50,
    "41.5,-90.5": 1.7826882416214902e-51,
    "43.5,-92.5": 4.2221892918502696e-26,
    "42.5,-94.5": 3.563240615098947e-34,
    "42.5,-90.5": 2.7194918577322826e-44,
    "41.5,-89.5": 1.7826882416214807e-51,
    "41.5,-93.5": 3.612806486170804e-49,
    "40.5,-92.5": 4.335245379819663e-53,
    "40.5,-90.5": 8.796422888910065e-54,
    "43.5,-94.5": 8.556713677296033e-24,
    "42.5,-89.5": 1.4646426578103185e-44,
    "40.5,-94.5": 1.7826882416214943e-51,
    "42.5,-92.5": 6.216566627285244e-39,
    "41.5,-95.5": 2.1123600726224276e-43,
    "41.5,-94.5": 1.0423141892456902e-45,
    "43.5,-95.5": 1.734108631665339e-21,
    "43.5,-91.5": 2.9658764116041574e-27,
    "42.5,-95.5": 1.4302454189838598e-29,
    "42.5,-93.5": 3.3544999320341472e-34,
    "39.5,-90.5": 4.5170233613991824e-55,
    "39.5,-89.5": 4.340470410583957e-56,
    "37.5,-88.5": 7.423582681584296e-62,
    "42.5,-87.5": 7.321734895522493e-47,
    "41.5,-88.5": 1.7826882416214913e-51,
    "40.5,-87.5": 8.796422888909927e-54,
    "40.5,-86.5": 8.796422888910011e-54,
    "39.5,-88.5": 4.34047041058395e-56,
    "39.5,-86.5": 4.340470410583937e-56,
    "38.5,-88.5": 1.504467636935687e-59,
    "39.5,-87.5": 4.340470410583933e-56,
    "41.5,-86.5": 1.2522491626026356e-52,
    "42.5,-86.5": 5.143151885815374e-48,
    "41.5,-87.5": 1.7826882416214928e-51,
    "40.5,-88.5": 8.796422888909973e-54,
    "38.5,-87.5": 2.141743709128244e-58,
    "37.5,-87.5": 7.4235826815843775e-62,
    "40.5,-89.5": 8.796422888909961e-54,
    "38.5,-89.5": 1.5044676369356755e-59,
    "42.5,-88.5": 7.32173489552246e-47,
    "38.5,-86.5": 3.048962970671424e-57,
    "41.5,-84.5": 1.2522491626026237e-52,
    "41.5,-83.5": 1.2522491626026374e-52,
    "40.5,-84.5": 8.796422888910077e-54,
    "39.5,-84.5": 6.430385161336389e-54,
    "39.5,-85.5": 4.340470410583965e-56,
    "40.5,-85.5": 8.796422888910008e-54,
    "38.5,-84.5": 3.048962970671413e-57,
    "38.5,-85.5": 3.0489629706714016e-57,
    "39.5,-83.5": 8.796422888910012e-54,
    "41.5,-85.5": 1.2522491626026295e-52,
    "38.5,-83.5": 3.04896297067141e-57,
    "37.5,-86.5": 1.3170108419771986e-61,
    "39.5,-94.5": 3.256315431369218e-56,
    "37.5,-95.5": 1.50446763693568e-59,
    "39.5,-93.5": 4.187750956138304e-55,
    "38.5,-94.5": 1.50446763693568e-59,
    "39.5,-95.5": 5.90295365937054e-55,
    "38.5,-93.5": 1.5044676369356769e-59,
    "37.5,-84.5": 2.141743709128246e-58,
    "36.5,-85.5": 7.423582681584326e-62,
    "37.5,-83.5": 3.048962970671424e-57,
    "38.5,-82.5": 3.048962970671428e-57,
    "36.5,-82.5": 1.5044676369356795e-59,
    "38.5,-81.5": 4.340470410583895e-56,
    "37.5,-82.5": 3.048962970671424e-57,
    "36.5,-87.5": 7.423582681584378e-62,
    "36.5,-88.5": 7.423582681584377e-62,
    "36.5,-86.5": 7.423582681584284e-62,
    "36.5,-84.5": 7.423582681584343e-62,
    "37.5,-85.5": 1.504467636935691e-59,
    "37.5,-81.5": 3.048962970671395e-57,
    "36.5,-83.5": 7.423582681584364e-62,
    "30.5,-91.5": 4.400847808576742e-71,
    "30.5,-90.5": 4.4008478085767466e-71,
    "32.5,-91.5": 6.264998912205315e-70,
    "32.5,-92.5": 6.264998912205226e-70,
    "30.5,-92.5": 4.40084780857681e-71,
    "32.5,-90.5": 6.264998912205306e-70,
    "31.5,-90.5": 4.400847808576766e-71,
    "30.5,-89.5": 4.400847808576769e-71,
    "31.5,-91.5": 6.264998912205323e-70,