{
    "17.5,-87.5": 6.697150169348653e-28,
    "17.5,-88.5": 6.421488204067864e-19,
    "16.5,-88.5": 1.566282713070722e-38,
    "16.5,-87.5": 2.973876604994359e-39,
    "18.5,-87.5": 8.881784197001252e-16,
    "15.5,-87.5": 7.834317873430125e-49,
    "10.5,-83.5": 2.3241387807187604e-69,
    "9.5,-83.5": 9.786880303076437e-107,
    "10.5,-84.5": 3.3412350582949863e-81,
    "9.5,-82.5": 8.068104390282834e-99,
    "10.5,-82.5": 1.2469236372900288e-75,
    "9.5,-81.5": 1.5819048779779852e-90,
    "8.5,-82.5": 9.717001802096113e-111,
    "8.5,-81.5": 1.7764880103745182e-103,
    "15.5,-89.5": 2.0791881250068367e-47,
    "15.5,-88.5": 1.4274147936239904e-49,
    "14.5,-89.5": 3.22196651400258e-60,
    "15.5,-90.5": 5.14884143940948e-48,
    "16.5,-90.5": 1.9716777750456513e-19,
    "16.5,-89.5": 3.7387922283241504e-35,
    "17.5,-89.5": 7.227188378570836e-14,
    "14.5,-90.5": 5.634785366582408e-60,
    "15.5,-86.5": 2.7369110631344083e-48,
    "15.5,-85.5": 3.2535139295161266e-46,
    "13.5,-86.5": 6.908037573994285e-62,
    "15.5,-84.5": 1.1210387714598537e-44,
    "14.5,-86.5": 2.017869318025061e-54,
    "14.5,-88.5": 1.9913648889155653e-59,
    "14.5,-87.5": 1.1971241420639373e-56,
    "14.5,-85.5": 4.176194859519056e-53,
    "13.5,-85.5": 1.2244070806754441e-59,
    "14.5,-83.5": 7.383231046063868e-49,
    "16.5,-84.5": 1.2332800540887038e-37,
    "14.5,-84.5": 9.498860787412888e-51,
    "18.5,-88.5": 4.9941547499763383e-11,
    "18.5,-90.5": 1.4901161193847656e-08,
    "15.5,-91.5": 1.894208687501055e-39,
    "16.5,-92.5": 9.834297537898855e-13,
    "17.5,-91.5": 9.046295960868877e-09,
    "17.5,-90.5": 7.430496669839547e-09,
    "17.5,-92.5": 3.661365468215572e-08,
    "16.5,-91.5": 4.3926259290342716e-13,
    "17.5,-95.5": 1.6860193862796357e-06,
    "16.5,-93.5": 1.0470846980917972e-13,
    "20.5,-86.5": 5.4994619087430585e-09,
    "20.5,-85.5": 5.684341886080802e-14,
    "19.5,-86.5": 1.7763568394002505e-15,
    "19.5,-87.5": 8.660718697362685e-10,
    "19.5,-88.5": 7.450580596923828e-09,
    "21.5,-86.5": 7.450580596923828e-09,
    "18.5,-93.5": 7.219142772136517e-08,
    "19.5,-95.5": 0.06589704900550435,
    "18.5,-94.5": 1.5123415095043145e-06,
    "18.5,-95.5": 5.902946877989356e-05,
    "13.5,-84.5": 1.2744735289059618e-57,
    "11.5,-83.5": 9.495567745759799e-66,
    "12.5,-84.5": 3.1614425351378614e-64,
    "12.5,-86.5": 5.873949346060544e-67,
    "11.5,-84.5": 2.967364920549937e-67,
    "11.5,-85.5": 6.370112272198397e-71,
    "12.5,-85.5": 2.3738919364399497e-66,
    "13.5,-88.5": 1.4581410040511233e-63
}