{
    "17.5,-87.5": 6.053038390613628e-59,
    "17.5,-88.5": 1.3658920065291714e-47,
    "16.5,-88.5": 7.293790088205676e-39,
    "16.5,-87.5": 4.649710625514102e-41,
    "18.5,-87.5": 1.9083826875890174e-86,
    "15.5,-87.5": 7.703719777548943e-34,
    "10.5,-83.5": 2.0974303510091418e-13,
    "9.5,-83.5": 5.279575756837041e-06,
    "10.5,-84.5": 2.230948153680719e-12,
    "9.5,-82.5": 4.055372200547645e-09,
    "10.5,-82.5": 1.0339757656912846e-25,
    "9.5,-81.5": 3.725290298461914e-09,
    "8.5,-82.5": 0.07783178873892498,
    "8.5,-81.5": 0.025350224888681126,
    "15.5,-89.5": 7.252875808380418e-32,
    "15.5,-88.5": 1.5407439555097887e-33,
    "14.5,-89.5": 7.888609052210118e-31,
    "15.5,-90.5": 3.944304526105059e-31,
    "16.5,-90.5": 7.277732024929057e-35,
    "16.5,-89.5": 9.94765835465993e-37,
    "17.5,-89.5": 3.2320166607944304e-46,
    "14.5,-90.5": 7.888609052210118e-31,
    "15.5,-86.5": 2.7907581383552968e-34,
    "15.5,-85.5": 2.1303082182717336e-35,
    "13.5,-86.5": 7.888609052210118e-31,
    "15.5,-84.5": 3.76158192263132e-37,
    "14.5,-86.5": 4.930380657631324e-32,
    "14.5,-88.5": 7.888609052210118e-31,
    "14.5,-87.5": 3.944304526105059e-31,
    "14.5,-85.5": 2.465190328815662e-32,
    "13.5,-85.5": 5.958585410072596e-31,
    "14.5,-83.5": 1.751602405457126e-33,
    "16.5,-84.5": 3.754402676032878e-46,
    "14.5,-84.5": 6.162975822039155e-33,
    "18.5,-88.5": 2.729961832184109e-81,
    "18.5,-90.5": 5.949148119024672e-75,
    "15.5,-91.5": 7.888609052210118e-31,
    "16.5,-92.5": 4.488122396784856e-33,
    "17.5,-91.5": 4.586458410150605e-43,
    "17.5,-90.5": 3.1231714630486054e-44,
    "17.5,-92.5": 2.473855766063254e-43,
    "16.5,-91.5": 3.5279361816827685e-34,
    "17.5,-95.5": 5.267060860874334e-37,
    "16.5,-93.5": 6.196711723913367e-32,
    "20.5,-86.5": 2.749896127186203e-98,
    "20.5,-85.5": 2.8200871795309524e-99,
    "19.5,-86.5": 1.3379273478782727e-93,
    "19.5,-87.5": 1.3253245484412244e-93,
    "19.5,-88.5": 1.962983797350809e-94,
    "21.5,-86.5": 1.1026835636817215e-112,
    "18.5,-93.5": 5.993916176732468e-60,
    "19.5,-95.5": 2.0992080328863095e-66,
    "18.5,-94.5": 2.7209787298793457e-55,
    "18.5,-95.5": 1.444036727794064e-50,
    "13.5,-84.5": 3.061859590168071e-31,
    "11.5,-83.5": 7.888609052210118e-31,
    "12.5,-84.5": 7.888609052210118e-31,
    "12.5,-86.5": 7.888609052210118e-31,
    "11.5,-84.5": 7.888609052210118e-31,
    "11.5,-85.5": 7.888609052210118e-31,
    "12.5,-85.5": 7.888609052210118e-31,
    "13.5,-88.5": 7.888609052210118e-31
}