{
    "48.5,-71.5": 4.2127702490426614e-07,
    "40.5,-73.5": 3.974080854820174e-27,
    "40.5,-72.5": 2.737512864174021e-26,
    "41.5,-82.5": 1.5141781115551284e-27,
    "39.5,-85.5": 4.6668140493063715e-28,
    "39.5,-73.5": 3.9740808548201705e-27,
    "40.5,-82.5": 6.725105231307848e-31,
    "41.5,-87.5": 2.7375128641740214e-26,
    "41.5,-72.5": 1.298957998395348e-24,
    "42.5,-85.5": 1.885713188856939e-25,
    "43.5,-71.5": 3.124566752332264e-16,
    "43.5,-69.5": 1.5839649463093072e-09,
    "47.5,-67.5": 5.540452551795773e-05,
    "42.5,-69.5": 1.0991686829072512e-14,
    "44.5,-83.5": 5.526640726472331e-19,
    "42.5,-72.5": 4.245741199625394e-22,
    "46.5,-79.5": 2.680451489484102e-13,
    "45.5,-72.5": 1.4250717769874427e-09,
    "42.5,-70.5": 3.915642184657197e-19,
    "44.5,-71.5": 1.8041860047138826e-10,
    "44.5,-78.5": 7.494020731541198e-19,
    "42.5,-86.5": 3.0500261171781776e-24,
    "42.5,-75.5": 2.152404225082947e-24,
    "38.5,-84.5": 1.7650573431511696e-30,
    "44.5,-72.5": 2.2453133140486323e-11,
    "41.5,-75.5": 5.7983808568348645e-27,
    "38.5,-76.5": 3.19108244004307e-29,
    "44.5,-70.5": 1.5839649463093074e-09,
    "45.5,-76.5": 3.151780822759709e-16,
    "40.5,-76.5": 5.7692217075346935e-28,
    "43.5,-86.5": 1.1143285381812351e-21,
    "45.5,-84.5": 4.535971710875557e-17,
    "42.5,-84.5": 2.3420806922017986e-25,
    "44.5,-75.5": 3.587885266673515e-18,
    "42.5,-74.5": 6.163594347544187e-23,
    "42.5,-82.5": 4.9492042080978235e-25,
    "45.5,-74.5": 1.0126549265319981e-11,
    "43.5,-79.5": 4.245741199625392e-22,
    "45.5,-91.5": 2.784432078466792e-16,
    "41.5,-81.5": 8.050343265681032e-29,
    "39.5,-77.5": 1.215845212867415e-29,
    "43.5,-89.5": 2.0146168306807556e-20,
    "42.5,-71.5": 2.0146168306807553e-20,
    "44.5,-88.5": 4.057875403995102e-18,
    "48.5,-78.5": 4.157241951786659e-09,
    "44.5,-67.5": 1.071299823896813e-07,
    "46.5,-86.5": 6.799104666582697e-14,
    "41.5,-71.5": 9.748956389088104e-23,
    "43.5,-78.5": 2.6896951831080973e-21,
    "47.5,-90.5": 2.299461255585146e-10,
    "45.5,-77.5": 2.3461186930975035e-16,
    "44.5,-86.5": 9.559416798226597e-19,
    "45.5,-60.5": 0.3810134133830162,
    "43.5,-72.5": 6.764279212047628e-19,
    "41.5,-80.5": 3.1910824400430715e-29,
    "47.5,-66.5": 6.447667758024343e-05,
    "42.5,-81.5": 9.630098019540893e-25,
    "42.5,-77.5": 1.4438699478903305e-25,
    "43.5,-87.5": 2.9246438551522823e-21,
    "43.5,-74.5": 7.675960353165483e-21,
    "38.5,-77.5": 4.632533347000139e-30,
    "41.5,-73.5": 3.994166894645147e-26,
    "43.5,-88.5": 7.675960353165483e-21,
    "41.5,-74.5": 1.0430291205588604e-26,
    "44.5,-76.5": 2.1418409309216303e-18,
    "42.5,-79.5": 8.061125175380431e-25,
    "38.5,-79.5": 3.7198024792565534e-32,
    "46.5,-88.5": 1.0212879714159283e-13,
    "41.5,-70.5": 2.924643855152282e-21,
    "46.5,-70.5": 2.863681877206012e-08,
    "41.5,-84.5": 5.769221707534689e-28,
    "46.5,-84.5": 1.4826162198462527e-14,
    "44.5,-80.5": 2.0470571863091027e-19,
    "44.5,-92.5": 5.704816923799084e-18,
    "43.5,-80.5": 1.6176843468101731e-22,
    "41.5,-86.5": 3.97408085482017e-27,
    "42.5,-76.5": 1.7564307339005972e-24,
    "45.5,-89.5": 4.380121955591948e-17,
    "42.5,-80.5": 1.106054620076618e-24,
    "39.5,-83.5": 4.5415637021884336e-30,
    "43.5,-76.5": 1.602681276134242e-21,
    "45.5,-87.5": 1.7282660645694967e-17,
    "44.5,-82.5": 7.648194122311118e-20,
    "39.5,-82.5": 1.0549526512482246e-31,
    "39.5,-76.5": 3.191082440043068e-29,
    "39.5,-78.5": 3.62318742974169e-30,
    "38.5,-86.5": 3.191082440043074e-29,
    "45.5,-83.5": 3.1245667523322644e-16,
    "41.5,-79.5": 2.1981508553511836e-28,
    "40.5,-77.5": 8.375249605281511e-29,
    "43.5,-85.5": 4.245741199625393e-22,
    "42.5,-87.5": 3.6335541672362746e-23,
    "42.5,-88.5": 1.2812796038946477e-22,
    "45.5,-71.5": 4.157241951786661e-09,
    "40.5,-78.5": 3.191082440043069e-29,
    "41.5,-85.5": 5.76922170753469e-28,
    "42.5,-83.5": 3.348698857453014e-25,
    "40.5,-74.5": 1.5141781115551277e-27,
    "41.5,-69.5": 9.559416798226595e-19,
    "44.5,-68.5": 6.146226843840474e-09,
    "44.5,-89.5": 2.5089449511366507e-18,
    "45.5,-86.5": 4.5359717108755585e-17,
    "44.5,-74.5": 1.463468768989329e-17,
    "48.5,-92.5": 1.5839649463093072e-09,
    "47.5,-70.5": 7.515960794606669e-08,
    "44.5,-87.5": 9.559416798226597e-19,
    "46.5,-71.5": 2.86368187720601e-08,
    "42.5,-78.5": 2.5498319455452883e-25,
    "50.5,-65.5": 0.001332228721993016,
    "44.5,-91.5": 3.6422660242432595e-19,
    "43.5,-82.5": 1.5200291478021134e-22,
    "44.5,-66.5": 5.17730768786645e-07,
    "43.5,-73.5": 5.2875220659372134e-20,
    "47.5,-87.5": 3.3381559852428026e-11,
    "46.5,-69.5": 2.863681877206011e-08,
    "38.5,-73.5": 1.514178111555128e-27,
    "43.5,-75.5": 2.4741948760236562e-21,
    "38.5,-78.5": 9.762917389780181e-32,
    "45.5,-75.5": 1.6568875990774686e-13,
    "44.5,-84.5": 3.330844185458243e-19,
    "41.5,-68.5": 5.648966666606448e-15,
    "45.5,-63.5": 6.447667758024339e-05,
    "46.5,-78.5": 7.035058072324501e-13,
    "45.5,-65.5": 6.447667758024338e-05,
    "44.5,-90.5": 1.868982887087176e-18,
    "46.5,-91.5": 6.921806194474871e-14,
    "46.5,-83.5": 5.6489666666064424e-15,
    "43.5,-77.5": 1.1143285381812359e-21,
    "44.5,-73.5": 1.1905018436492003e-16,
    "41.5,-78.5": 1.5141781115551295e-27,
    "43.5,-83.5": 6.163594347544189e-23,
    "43.5,-70.5": 2.623492918332869e-13,
    "42.5,-89.5": 1.1143285381812359e-21,
    "45.5,-73.5": 2.2994612555851452e-10,
    "48.5,-80.5": 4.157241951786662e-09,
    "41.5,-76.5": 3.9740808548201684e-27,
    "44.5,-63.5": 6.44766775802434e-05,
    "45.5,-92.5": 1.7136568662587438e-15,
    "46.5,-74.5": 2.2994612555851447e-10,
    "44.5,-77.5": 4.2747371508033497e-19,
    "46.5,-89.5": 1.0212879714159279e-13,
    "46.5,-73.5": 2.5995912039091386e-09,
    "48.5,-66.5": 6.447667758024338e-05,
    "48.5,-94.5": 1.5839649463093078e-09,
    "48.5,-68.5": 5.281995075629276e-05,
    "44.5,-69.5": 4.157241951786664e-09,
    "44.5,-62.5": 6.447667758024338e-05,
    "48.5,-77.5": 1.9631040296656923e-08,
    "39.5,-81.5": 3.719802479256559e-32,
    "44.5,-85.5": 1.387752210345912e-19,
    "46.5,-59.5": 0.3810134133830162,
    "46.5,-90.5": 5.750417335439425e-13,
    "48.5,-91.5": 3.723488466655074e-09,
    "45.5,-61.5": 0.06320735902588698,
    "47.5,-69.5": 1.133131605134225e-06,
    "40.5,-79.5": 1.2158452128674145e-29,
    "49.5,-67.5": 6.447667758024339e-05,
    "42.5,-73.5": 4.2457411996253935e-22,
    "46.5,-64.5": 6.44766775802434e-05,
    "46.5,-76.5": 1.204011803077716e-10,
    "49.5,-95.5": 4.1572419517866595e-09,
    "47.5,-91.5": 6.655927253103545e-11,
    "45.5,-88.5": 1.728266064569498e-17,
    "46.5,-82.5": 1.4826162198462502e-14,
    "38.5,-85.5": 1.9913462126090956e-30,
    "45.5,-80.5": 1.1905018436492013e-16,
    "41.5,-77.5": 2.4916348883864404e-27,
    "48.5,-64.5": 6.447667758024338e-05,
    "47.5,-92.5": 3.338155985242803e-11,
    "48.5,-63.5": 0.11855839062169586,
    "48.5,-95.5": 1.6141569998981733e-09,
    "37.5,-86.5": 3.19108244004307e-29,
    "48.5,-76.5": 7.51596079460666e-08,
    "46.5,-65.5": 6.447667758024339e-05,
    "46.5,-85.5": 3.8912441603619903e-14,
    "43.5,-90.5": 5.287522065937213e-20,
    "48.5,-67.5": 6.447667758024338e-05,
    "46.5,-72.5": 1.0911012068773455e-08,
    "44.5,-65.5": 9.36015802180974e-06,
    "40.5,-84.5": 5.769221707534689e-28,
    "45.5,-70.5": 4.157241951786662e-09,
    "44.5,-79.5": 3.2928812257079203e-19,
    "45.5,-78.5": 1.1905018436492008e-16,
    "45.5,-90.5": 1.1905018436492006e-16,
    "47.5,-78.5": 2.2994612555851452e-10,
    "47.5,-68.5": 2.3110542868454246e-06,
    "45.5,-85.5": 3.1245667523322624e-16,
    "45.5,-69.5": 1.4212208178638855e-08,
    "45.5,-66.5": 3.5663457576941506e-06,
    "43.5,-81.5": 5.2142873826215467e-23,
    "48.5,-70.5": 1.3588255704430868e-06,
    "47.5,-94.5": 2.2994612555851447e-10,
    "48.5,-87.5": 3.965466118803491e-09,