{
    "39.5,-74.5": 8.320150559678186e-236,
    "38.5,-75.5": 2.7187686686177815e-238,
    "33.5,-83.5": 4.0539547136678196e-54,
    "35.5,-79.5": 1.6022630785533268e-144,
    "32.5,-91.5": 3.8726703706790555e-22,
    "34.5,-83.5": 9.415736235528133e-76,
    "30.5,-90.5": 1.7182511595536648e-20,
    "35.5,-74.5": 4.154605167887216e-123,
    "37.5,-88.5": 2.639039920828932e-195,
    "29.5,-94.5": 4.0277251019325576e-09,
    "34.5,-75.5": 1.7333457219861517e-109,
    "30.5,-96.5": 6.252718306127053e-08,
    "32.5,-80.5": 5.808066743242125e-65,
    "40.5,-104.5": 2.5169905739825303e-28,
    "37.5,-75.5": 1.2765921293768478e-178,
    "34.5,-81.5": 1.9184514863244628e-121,
    "30.5,-91.5": 1.7182511595536898e-20,
    "30.5,-92.5": 1.7182511595536814e-20,
    "34.5,-80.5": 5.8002105793816085e-121,
    "33.5,-78.5": 1.2649867666669379e-99,
    "31.5,-85.5": 5.076376858423024e-32,
    "29.5,-81.5": 3.4226107118448107e-37,
    "34.5,-76.5": 4.791124587590457e-113,
    "35.5,-83.5": 7.504918237834789e-191,
    "35.5,-75.5": 3.2932673840059104e-125,
    "37.5,-76.5": 1.2372461686362495e-185,
    "29.5,-95.5": 2.5804505951138135e-07,
    "35.5,-77.5": 1.9979136525171655e-128,
    "30.5,-83.5": 1.1441362422896407e-33,
    "31.5,-93.5": 1.718251159553681e-20,
    "32.5,-82.5": 1.9659134250015287e-53,
    "37.5,-77.5": 7.339626743797583e-217,
    "35.5,-81.5": 1.1073917076724456e-185,
    "33.5,-82.5": 3.369298516715785e-64,
    "32.5,-79.5": 1.186138502131041e-68,
    "34.5,-82.5": 9.084511010862737e-114,
    "28.5,-81.5": 1.664236825391259e-20,
    "37.5,-74.5": 1.7559715180502388e-163,
    "36.5,-85.5": 2.3012790953396348e-212,
    "30.5,-97.5": 0.0003258711239151085,
    "28.5,-96.5": 0.0005079813574447223,
    "35.5,-84.5": 2.2876327672678897e-184,
    "36.5,-75.5": 1.3063926538887426e-150,
    "28.5,-80.5": 3.80475250762017e-24,
    "36.5,-76.5": 1.7124466586222258e-160,
    "32.5,-92.5": 4.933949296265626e-21,
    "29.5,-97.5": 0.0006220010264788487,
    "34.5,-78.5": 1.8155225906568902e-119,
    "28.5,-95.5": 1.1449108245295568e-05,
    "36.5,-78.5": 8.414725032390631e-191,
    "31.5,-84.5": 1.9321285365228273e-39,
    "31.5,-94.5": 7.623646643568872e-19,
    "33.5,-79.5": 6.902409655990904e-92,
    "29.5,-91.5": 3.444506315122376e-19,
    "34.5,-84.5": 1.8356876007788375e-108,
    "30.5,-95.5": 2.424409454849267e-14,
    "33.5,-93.5": 1.9672443518334625e-25,
    "35.5,-86.5": 5.132873797663538e-149,
    "35.5,-80.5": 2.756806902049525e-158,
    "30.5,-93.5": 7.623646643568798e-19,
    "32.5,-94.5": 8.728395564610469e-24,
    "30.5,-87.5": 1.7182511595536898e-20,
    "29.5,-92.5": 7.049310496724049e-18,
    "28.5,-94.5": 2.580450595113827e-07,
    "31.5,-83.5": 8.722490423317049e-52,
    "32.5,-84.5": 7.101073059094035e-52,
    "30.5,-94.5": 3.3825083034482744e-17,
    "31.5,-91.5": 1.7182511595536988e-20,
    "32.5,-83.5": 1.9659134250015377e-53,
    "36.5,-74.5": 1.9067324745327257e-142,
    "31.5,-86.5": 8.728395564610515e-24,
    "35.5,-76.5": 3.3733639293955156e-129,
    "33.5,-77.5": 3.3756477026840626e-101,
    "37.5,-84.5": 7.7098240812467085e-252,
    "35.5,-87.5": 1.9619260446507198e-137,
    "37.5,-87.5": 3.176829858911031e-218,
    "33.5,-92.5": 4.019768990596845e-27,
    "29.5,-90.5": 1.7182511595536817e-20,
    "32.5,-93.5": 1.4258328332124422e-20,
    "34.5,-87.5": 1.4883755919373992e-99,
    "29.5,-96.5": 1.144910824529557e-05,
    "31.5,-80.5": 1.965913425001528e-53,
    "34.5,-79.5": 5.800210579381525e-121,
    "29.5,-82.5": 9.9932345626983e-29
}