{
    "51.5,-106.5": 1.0,
    "41.5,-111.5": 0.9770744131773201,
    "47.5,-112.5": 1.0,
    "36.5,-120.5": 0.9770744131773201,
    "38.5,-121.5": 0.9490734516986674,
    "33.5,-114.5": 0.7594861266961641,
    "40.5,-111.5": 0.97707441317732,
    "25.5,-96.5": 0.6568418195654235,
    "26.5,-96.5": 0.7444347180738657,
    "32.5,-116.5": 0.8081001245676193,
    "37.5,-121.5": 0.9382218867876164,
    "34.5,-118.5": 0.9546744088858045,
    "37.5,-117.5": 0.9770744131773201,
    "33.5,-117.5": 0.9344722918222891,
    "24.5,-109.5": 0.6003549429464996,
    "33.5,-116.5": 0.8905087731708263,
    "27.5,-96.5": 0.7968645020795257,
    "44.5,-110.5": 1.0,
    "46.5,-113.5": 1.0,
    "38.5,-120.5": 0.9327879378375025,
    "42.5,-110.5": 0.9770744131773202,
    "28.5,-95.5": 0.7953251821031888,
    "37.5,-120.5": 0.9261521415469296,
    "35.5,-119.5": 0.9575298671280034,
    "42.5,-119.5": 1.0,
    "40.5,-123.5": 0.97707441317732,
    "36.5,-116.5": 0.9327879378375025,
    "28.5,-112.5": 0.5600038492016165,
    "33.5,-103.5": 0.7748257500538426,
    "47.5,-111.5": 1.0,
    "50.5,-112.5": 1.0,
    "43.5,-111.5": 1.0,
    "42.5,-116.5": 1.0,
    "40.5,-110.5": 0.9546744088858043,
    "43.5,-113.5": 1.0,
    "45.5,-116.5": 1.0,
    "29.5,-93.5": 0.8306558421522191,
    "50.5,-110.5": 1.0,
    "44.5,-112.5": 1.0,
    "44.5,-115.5": 1.0,
    "48.5,-106.5": 1.0,
    "46.5,-109.5": 1.0,
    "39.5,-110.5": 0.9546744088858045,
    "36.5,-118.5": 0.9546744088858045,
    "31.5,-115.5": 0.6489685067595132,
    "45.5,-110.5": 1.0,
    "43.5,-117.5": 1.0,
    "35.5,-118.5": 0.9546744088858045,
    "43.5,-101.5": 0.9546744088858045,
    "31.5,-105.5": 0.6563372676744645,
    "48.5,-111.5": 1.0,
    "49.5,-114.5": 1.0,
    "46.5,-111.5": 1.0,
    "37.5,-119.5": 0.9382218867876165,
    "39.5,-108.5": 0.9546744088858046,
    "47.5,-110.5": 1.0,
    "43.5,-110.5": 1.0,
    "46.5,-108.5": 1.0,
    "36.5,-101.5": 0.8424324556925832,
    "49.5,-112.5": 1.0,
    "45.5,-120.5": 1.0,
    "47.5,-113.5": 1.0,
    "46.5,-107.5": 1.0,
    "35.5,-104.5": 0.7930058750942099,
    "49.5,-106.5": 1.0,
    "44.5,-118.5": 1.0,
    "39.5,-119.5": 0.9114032269814603,
    "44.5,-99.5": 0.9546744088858045,
    "51.5,-107.5": 1.0,
    "46.5,-118.5": 1.0,
    "43.5,-114.5": 1.0,
    "49.5,-108.5": 1.0,
    "45.5,-111.5": 1.0,
    "37.5,-101.5": 0.8905087731708263,
    "40.5,-119.5": 0.9327879378375025,
    "41.5,-110.5": 0.97707441317732,
    "45.5,-118.5": 1.0,
    "43.5,-118.5": 1.0,
    "45.5,-119.5": 1.0,
    "39.5,-117.5": 0.97707441317732,
    "42.5,-117.5": 1.0,
    "49.5,-111.5": 1.0,
    "38.5,-122.5": 0.9327879378375024,
    "50.5,-106.5": 1.0,
    "43.5,-115.5": 1.0,
    "44.5,-111.5": 1.0,
    "46.5,-112.5": 1.0,
    "43.5,-109.5": 0.9770744131773202,
    "42.5,-120.5": 1.0,
    "54.5,-121.5": 1.0,
    "48.5,-110.5": 1.0,
    "47.5,-107.5": 1.0,
    "41.5,-114.5": 1.0,
    "38.5,-101.5": 0.9327879378375025,
    "44.5,-108.5": 0.9770744131773201,
    "34.5,-102.5": 0.7748257500538425,
    "52.5,-121.5": 1.0,
    "37.5,-118.5": 0.9327879378375024,
    "38.5,-102.5": 0.9327879378375025,
    "53.5,-121.5": 1.0,
    "28.5,-110.5": 0.5242820769449436,
    "41.5,-120.5": 0.9327879378375024,
    "42.5,-100.5": 0.9546744088858045,
    "48.5,-108.5": 1.0,
    "42.5,-113.5": 1.0,
    "50.5,-108.5": 1.0,
    "45.5,-108.5": 1.0,
    "51.5,-112.5": 1.0,
    "47.5,-109.5": 1.0,
    "45.5,-107.5": 1.0,
    "47.5,-106.5": 1.0,
    "48.5,-103.5": 1.0,
    "50.5,-111.5": 1.0,
    "46.5,-102.5": 0.9770744131773201,
    "49.5,-110.5": 1.0,
    "43.5,-116.5": 1.0,
    "36.5,-103.5": 0.8501459366344815,
    "43.5,-102.5": 0.9546744088858045,
    "34.5,-101.5": 0.7751858495520688,
    "42.5,-118.5": 1.0,
    "44.5,-116.5": 1.0,
    "45.5,-117.5": 1.0,
    "41.5,-99.5": 0.9546744088858045,
    "48.5,-107.5": 1.0,
    "47.5,-118.5": 1.0,
    "43.5,-100.5": 0.9546744088858046,
    "46.5,-110.5": 1.0,
    "51.5,-110.5": 1.0,
    "50.5,-109.5": 1.0,
    "42.5,-101.5": 0.9546744088858046,
    "40.5,-114.5": 1.0,
    "36.5,-102.5": 0.8306558421522193,
    "43.5,-105.5": 0.9546744088858045,
    "49.5,-105.5": 1.0,
    "46.5,-123.5": 1.0,
    "42.5,-112.5": 1.0,
    "49.5,-109.5": 1.0,
    "30.5,-102.5": 0.6611986879738297,
    "38.5,-111.5": 0.9114032269814603,
    "41.5,-100.5": 0.9546744088858045,
    "51.5,-111.5": 1.0,
    "33.5,-102.5": 0.7574337396597547,
    "41.5,-101.5": 0.9546744088858045,
    "42.5,-114.5": 1.0,
    "39.5,-118.5": 0.9546744088858045,
    "45.5,-122.5": 1.0,
    "35.5,-103.5": 0.7930058750942099,
    "47.5,-102.5": 1.0,
    "43.5,-103.5": 0.9546744088858045,
    "45.5,-102.5": 0.97707441317732,
    "41.5,-119.5": 0.9770744131773201,
    "40.5,-108.5": 0.9546744088858046,
    "42.5,-108.5": 0.9770744131773202,
    "44.5,-100.5": 0.9546744088858045,
    "42.5,-102.5": 0.9546744088858045,
    "44.5,-107.5": 0.9770744131773201,
    "34.5,-104.5": 0.7397063149221521,
    "42.5,-99.5": 0.9546744088858046,
    "43.5,-104.5": 0.9546744088858046,
    "36.5,-100.5": 0.8449970858535865,
    "53.5,-119.5": 1.0,
    "32.5,-103.5": 0.7061786889474022,
    "48.5,-104.5": 1.0,
    "37.5,-102.5": 0.8905087731708261,
    "45.5,-101.5": 0.9770744131773201,
    "54.5,-123.5": 1.0,
    "38.5,-112.5": 0.9327879378375025,
    "44.5,-106.5": 0.9770744131773201,
    "36.5,-113.5": 0.9327879378375025,
    "48.5,-109.5": 1.0,
    "51.5,-109.5": 1.0,
    "49.5,-107.5": 1.0,
    "47.5,-104.5": 1.0,
    "35.5,-101.5": 0.8116125695231923,
    "41.5,-102.5": 0.9546744088858045,
    "41.5,-116.5": 1.0
}