{
    "51.5,-106.5": 0.9999679647072298,
    "41.5,-111.5": 0.997427865109399,
    "47.5,-112.5": 0.9999481433566988,
    "36.5,-120.5": 0.9880375758478145,
    "38.5,-121.5": 0.9217894285808405,
    "33.5,-114.5": 0.8561263901891489,
    "40.5,-111.5": 0.983599660903022,
    "25.5,-96.5": 0.0,
    "26.5,-96.5": 0.35545483156333796,
    "32.5,-116.5": 0.9253880767492798,
    "37.5,-121.5": 0.9948161926556303,
    "34.5,-118.5": 0.8941004934377262,
    "37.5,-117.5": 0.0,
    "33.5,-117.5": 0.9698386951944157,
    "24.5,-109.5": 0.0,
    "33.5,-116.5": 0.0,
    "27.5,-96.5": 0.7512618017646727,
    "44.5,-110.5": 0.9998060273869567,
    "46.5,-113.5": 0.9997045405924543,
    "38.5,-120.5": 0.15637974099575247,
    "42.5,-110.5": 0.9594217187310554,
    "28.5,-95.5": 0.0,
    "37.5,-120.5": 0.8987883028520494,
    "35.5,-119.5": 0.9848105963697902,
    "42.5,-119.5": 0.6865021072712436,
    "40.5,-123.5": 0.9542312175533951,
    "36.5,-116.5": 0.5416822651309934,
    "28.5,-112.5": 0.0,
    "33.5,-103.5": 0.0,
    "47.5,-111.5": 0.9999989309259164,
    "50.5,-112.5": 0.9999994620065379,
    "43.5,-111.5": 0.9966416146668899,
    "42.5,-116.5": 0.8263846359042665,
    "40.5,-110.5": 0.7995406325423264,
    "43.5,-113.5": 0.9954357300265377,
    "45.5,-116.5": 0.9954723160613377,
    "29.5,-93.5": 0.0,
    "50.5,-110.5": 0.9999999270722224,
    "44.5,-112.5": 0.9993545421400022,
    "44.5,-115.5": 0.9960970832582046,
    "48.5,-106.5": 0.9999890206511097,
    "46.5,-109.5": 0.9999756053780262,
    "39.5,-110.5": 0.22956715086074075,
    "36.5,-118.5": 0.0,
    "31.5,-115.5": 0.5049197350388531,
    "45.5,-110.5": 0.9999956515581031,
    "43.5,-117.5": 0.9973959927944868,
    "35.5,-118.5": 0.7615823667815914,
    "43.5,-101.5": 0.9190920856343202,
    "31.5,-105.5": 0.0,
    "48.5,-111.5": 0.9999993241326204,
    "49.5,-114.5": 0.9999997668701575,
    "46.5,-111.5": 0.9999867620478834,
    "37.5,-119.5": 0.0,
    "39.5,-108.5": 0.0,
    "47.5,-110.5": 0.9999992029619352,
    "43.5,-110.5": 0.9910017748841343,
    "46.5,-108.5": 0.9999959393087808,
    "36.5,-101.5": 0.0,
    "49.5,-112.5": 0.9999878395767731,
    "45.5,-120.5": 0.9564377452250697,
    "47.5,-113.5": 0.9999359599941479,
    "46.5,-107.5": 0.9999740821716012,
    "35.5,-104.5": 0.0,
    "49.5,-106.5": 0.9999782529182646,
    "44.5,-118.5": 0.9475676753968599,
    "39.5,-119.5": 0.0,
    "44.5,-99.5": 0.1818382712470949,
    "51.5,-107.5": 0.9999952020959231,
    "46.5,-118.5": 0.9991598614889136,
    "43.5,-114.5": 0.993907468377096,
    "49.5,-108.5": 0.9999871723708577,
    "45.5,-111.5": 0.999965503882568,
    "37.5,-101.5": 0.0,
    "40.5,-119.5": 0.0,
    "41.5,-110.5": 0.8266084866414443,
    "45.5,-118.5": 0.994690791584388,
    "43.5,-118.5": 0.9944236960099914,
    "45.5,-119.5": 0.7502187028681844,
    "39.5,-117.5": 0.6236887153979558,
    "42.5,-117.5": 0.9791260425447813,
    "49.5,-111.5": 0.9999996695904518,
    "38.5,-122.5": 0.0,
    "50.5,-106.5": 0.9999816873795612,
    "43.5,-115.5": 0.9989639531015937,
    "44.5,-111.5": 0.9983789514773923,
    "46.5,-112.5": 0.9998682072763161,
    "43.5,-109.5": 0.9899230648565049,
    "42.5,-120.5": 0.13936440744748363,
    "54.5,-121.5": 0.9999999991490828,
    "48.5,-110.5": 0.9999973482387516,
    "47.5,-107.5": 0.9999710301759278,
    "41.5,-114.5": 0.5915111567147291,
    "38.5,-101.5": 0.0,
    "44.5,-108.5": 0.9707423774567677,
    "34.5,-102.5": 0.0,
    "52.5,-121.5": 0.9999998065467113,
    "37.5,-118.5": 0.0,
    "38.5,-102.5": 0.17368173995499725,
    "53.5,-121.5": 0.9999999655240914,
    "28.5,-110.5": 0.0,
    "41.5,-120.5": 0.0,
    "42.5,-100.5": 0.0,
    "48.5,-108.5": 0.999991517662625,
    "42.5,-113.5": 0.8163410411951348,
    "50.5,-108.5": 0.999994319026621,
    "45.5,-108.5": 0.9999009593288317,
    "51.5,-112.5": 0.99999938435835,
    "47.5,-109.5": 0.9999937784613782,
    "45.5,-107.5": 0.9995336202668832,
    "47.5,-106.5": 0.9998487474640351,
    "48.5,-103.5": 0.9725955624026641,
    "50.5,-111.5": 0.9999997191963437,
    "46.5,-102.5": 0.9995774783736321,
    "49.5,-110.5": 0.9999994472679692,
    "43.5,-116.5": 0.9849099988551671,
    "36.5,-103.5": 0.2599971257115856,
    "43.5,-102.5": 0.44871069053938845,
    "34.5,-101.5": 0.0,
    "42.5,-118.5": 0.8882601782911999,
    "44.5,-116.5": 0.9438341598608072,
    "45.5,-117.5": 0.9894738526314959,
    "41.5,-99.5": 0.0,
    "48.5,-107.5": 0.9999936735589271,
    "47.5,-118.5": 0.9939179794315742,
    "43.5,-100.5": 0.775412178236255,
    "46.5,-110.5": 0.9999768486757359,
    "51.5,-110.5": 0.9999996774197992,
    "50.5,-109.5": 0.9999989316375063,
    "42.5,-101.5": 0.7954648705328675,
    "40.5,-114.5": 0.46352221630519613,
    "36.5,-102.5": 0.0,
    "43.5,-105.5": 0.6218415259148606,
    "49.5,-105.5": 0.9996581371636287,
    "46.5,-123.5": 0.9638193068350365,
    "42.5,-112.5": 0.9247755483756378,
    "49.5,-109.5": 0.9999992466962037,
    "30.5,-102.5": 0.0,
    "38.5,-111.5": 0.0,
    "41.5,-100.5": 0.0,
    "51.5,-111.5": 0.99999860408434,
    "33.5,-102.5": 0.0,
    "41.5,-101.5": 0.6258667131544507,
    "42.5,-114.5": 0.6649756263357297,
    "39.5,-118.5": 0.0,
    "45.5,-122.5": 0.6519116623376026,
    "35.5,-103.5": 0.0,
    "47.5,-102.5": 0.9779504236130887,
    "43.5,-103.5": 0.39279176337261923,
    "45.5,-102.5": 0.9196125476751837,
    "41.5,-119.5": 0.6423480371811119,
    "40.5,-108.5": 0.0,
    "42.5,-108.5": 0.920358956477604,
    "44.5,-100.5": 0.8486480932841549,
    "42.5,-102.5": 0.1807770563158349,
    "44.5,-107.5": 0.6683006111870132,
    "34.5,-104.5": 0.0,
    "42.5,-99.5": 0.0,
    "43.5,-104.5": 0.5484766990483454,
    "36.5,-100.5": 0.0,
    "53.5,-119.5": 0.999999749864489,
    "32.5,-103.5": 0.0,
    "48.5,-104.5": 0.9679889033070298,
    "37.5,-102.5": 0.0,
    "45.5,-101.5": 0.923427895077056,
    "54.5,-123.5": 0.999999996917923,
    "38.5,-112.5": 0.0,
    "44.5,-106.5": 0.957950174289909,
    "36.5,-113.5": 0.0,
    "48.5,-109.5": 0.9999891344571816,
    "51.5,-109.5": 0.9999969554438887,
    "49.5,-107.5": 0.9998142906062,
    "47.5,-104.5": 0.9685428707652919,
    "35.5,-101.5": 0.0,
    "41.5,-102.5": 0.0,
    "41.5,-116.5": 0.0
}