{
    "39.5,-121.5": 7.963993505009847e-10,
    "10.5,-83.5": 3.0133779762603315e-12,
    "21.5,-104.5": 1.1584314421845596e-12,
    "32.5,-113.5": 2.5715085519949965e-10,
    "28.5,-94.5": 7.609920385378517e-10,
    "31.5,-112.5": 1.8775676263725197e-10,
    "27.5,-109.5": 4.559419637970064e-11,
    "23.5,-105.5": 7.860919680782162e-12,
    "22.5,-104.5": 3.4987158939245954e-12,
    "39.5,-120.5": 5.105961663342301e-10,
    "32.5,-114.5": 1.7690708165038575e-10,
    "31.5,-113.5": 1.3955088852666894e-10,
    "28.5,-96.5": 3.6543161710925887e-10,
    "24.5,-103.5": 1.7745513048759213e-11,
    "22.5,-105.5": 3.53554933161216e-12,
    "26.5,-110.5": 3.3120965053722847e-11,
    "23.5,-103.5": 3.77788730443562e-12,
    "27.5,-113.5": 1.1774590935742963e-11,
    "13.5,-86.5": 9.223094328756445e-12,
    "30.5,-115.5": 1.3955088852666886e-10,
    "25.5,-111.5": 2.8229272818508925e-11,
    "33.5,-78.5": 1.1142314064356008e-09,
    "19.5,-95.5": 5.710403224767121e-12,
    "32.5,-100.5": 3.64042723724731e-10,
    "25.5,-99.5": 3.5284085139376385e-11,
    "20.5,-102.5": 7.151942040577054e-13,
    "29.5,-95.5": 1.1142314064356017e-09,
    "31.5,-101.5": 2.700092144950015e-10,
    "19.5,-98.5": 1.1551379732335983e-12,
    "18.5,-103.5": 6.09565943257199e-13,
    "38.5,-119.5": 2.644513400375903e-10,
    "24.5,-111.5": 4.86702396123343e-12,
    "28.5,-111.5": 7.364095975393647e-11,
    "26.5,-112.5": 6.931500333531648e-12,
    "12.5,-86.5": 3.0133779762603303e-12,
    "27.5,-97.5": 8.164944814283745e-11,
    "27.5,-108.5": 3.8860311179204945e-11,
    "29.5,-113.5": 7.136351855834711e-11,
    "30.5,-113.5": 4.5594196379700626e-11,
    "26.5,-108.5": 7.397935540953124e-13,
    "31.5,-102.5": 3.102766283817382e-10,
    "29.5,-106.5": 1.6373287869736587e-10,
    "24.5,-106.5": 1.4896578341122025e-11,
    "30.5,-107.5": 4.8670239612334345e-12,
    "28.5,-104.5": 4.789114637340632e-11,
    "24.5,-96.5": 2.822927281850895e-11
}