{
    "51.5,-106.5": 0.9999372526175556,
    "41.5,-111.5": 0.9980324390681637,
    "47.5,-112.5": 0.9997715878571816,
    "36.5,-120.5": 0.9860418603848948,
    "38.5,-121.5": 0.9237109868552872,
    "33.5,-114.5": 0.8656905988598329,
    "40.5,-111.5": 0.985910676358098,
    "25.5,-96.5": 0.0,
    "26.5,-96.5": 0.4133796272943336,
    "32.5,-116.5": 0.9294149813879391,
    "37.5,-121.5": 0.9945363035678478,
    "34.5,-118.5": 0.8952077486975257,
    "37.5,-117.5": 0.0,
    "33.5,-117.5": 0.9710868916232247,
    "24.5,-109.5": 0.0,
    "33.5,-116.5": 0.0,
    "27.5,-96.5": 0.7742964137540943,
    "44.5,-110.5": 0.999698654958498,
    "46.5,-113.5": 0.9989831877865297,
    "38.5,-120.5": 0.1743095061734081,
    "42.5,-110.5": 0.9719458464446875,
    "28.5,-95.5": 0.0,
    "37.5,-120.5": 0.891766729698893,
    "35.5,-119.5": 0.9834380679400235,
    "42.5,-119.5": 0.5002292524860229,
    "40.5,-123.5": 0.9522955970754617,
    "36.5,-116.5": 0.534845770449301,
    "28.5,-112.5": 0.0,
    "33.5,-103.5": 0.0,
    "47.5,-111.5": 0.9999953599112722,
    "50.5,-112.5": 0.9999970913966589,
    "43.5,-111.5": 0.9964984657405693,
    "42.5,-116.5": 0.6378080226917012,
    "40.5,-110.5": 0.8267424150460396,
    "43.5,-113.5": 0.993561141693792,
    "45.5,-116.5": 0.9864269456862381,
    "29.5,-93.5": 0.0,
    "50.5,-110.5": 0.9999996852443348,
    "44.5,-112.5": 0.9987907592937247,
    "44.5,-115.5": 0.9895661095541767,
    "48.5,-106.5": 0.9999808017303086,
    "46.5,-109.5": 0.9999380825992337,
    "39.5,-110.5": 0.24156672530376277,
    "36.5,-118.5": 0.0,
    "31.5,-115.5": 0.5442281367741191,
    "45.5,-110.5": 0.9999902057462362,
    "43.5,-117.5": 0.993428170923417,
    "35.5,-118.5": 0.752916166823908,
    "43.5,-101.5": 0.8656468379536542,
    "31.5,-105.5": 0.0,
    "48.5,-111.5": 0.9999968243317586,
    "49.5,-114.5": 0.9999988746437148,
    "46.5,-111.5": 0.9999533775756445,
    "37.5,-119.5": 0.0,
    "39.5,-108.5": 0.0,
    "47.5,-110.5": 0.9999968984197986,
    "43.5,-110.5": 0.9903970740173423,
    "46.5,-108.5": 0.999990823302198,
    "36.5,-101.5": 0.0,
    "49.5,-112.5": 0.9999385886708902,
    "45.5,-120.5": 0.8765437347827104,
    "47.5,-113.5": 0.9997488604692216,
    "46.5,-107.5": 0.9999476112473863,
    "35.5,-104.5": 0.0,
    "49.5,-106.5": 0.9999614916234341,
    "44.5,-118.5": 0.8590909856619224,
    "39.5,-119.5": 0.0,
    "44.5,-99.5": 0.0,
    "51.5,-107.5": 0.9999898477588786,
    "46.5,-118.5": 0.9973216164489498,
    "43.5,-114.5": 0.988621682897724,
    "49.5,-108.5": 0.9999722310506918,
    "45.5,-111.5": 0.9999155558556702,
    "37.5,-101.5": 0.0,
    "40.5,-119.5": 0.0,
    "41.5,-110.5": 0.8783930418020327,
    "45.5,-118.5": 0.98447891875312,
    "43.5,-118.5": 0.9859259556611115,
    "45.5,-119.5": 0.28008434226197415,
    "39.5,-117.5": 0.5401302641091047,
    "42.5,-117.5": 0.9570275587301684,
    "49.5,-111.5": 0.9999983327068208,
    "38.5,-122.5": 0.0,
    "50.5,-106.5": 0.9999658434287667,
    "43.5,-115.5": 0.99759619966285,
    "44.5,-111.5": 0.9973940435621722,
    "46.5,-112.5": 0.9995494120459772,
    "43.5,-109.5": 0.9885720131987936,
    "42.5,-120.5": 0.0,
    "54.5,-121.5": 0.9999999927809219,
    "48.5,-110.5": 0.9999888541943519,
    "47.5,-107.5": 0.9999459989391306,
    "41.5,-114.5": 0.5012534123432025,
    "38.5,-101.5": 0.10681968818631095,
    "44.5,-108.5": 0.9503783897899107,
    "34.5,-102.5": 0.0,
    "52.5,-121.5": 0.9999988916019067,
    "37.5,-118.5": 0.0,
    "38.5,-102.5": 0.32314574500281795,
    "53.5,-121.5": 0.9999997759205206,
    "28.5,-110.5": 0.0,
    "41.5,-120.5": 0.0,
    "42.5,-100.5": 0.0,
    "48.5,-108.5": 0.9999819709311073,
    "42.5,-113.5": 0.8039592429433963,
    "50.5,-108.5": 0.9999874005197447,
    "45.5,-108.5": 0.9997855805914104,
    "51.5,-112.5": 0.9999964726305637,
    "47.5,-109.5": 0.99998216570144,
    "45.5,-107.5": 0.9990219760014492,
    "47.5,-106.5": 0.999726135339686,
    "48.5,-103.5": 0.9562491472274204,
    "50.5,-111.5": 0.9999985275316627,
    "46.5,-102.5": 0.9991941961618296,
    "49.5,-110.5": 0.9999975552439513,
    "43.5,-116.5": 0.9622675146373992,
    "36.5,-103.5": 0.359605165905367,
    "43.5,-102.5": 0.0923947596566302,
    "34.5,-101.5": 0.0,
    "42.5,-118.5": 0.8030691236799418,
    "44.5,-116.5": 0.8474179970766539,
    "45.5,-117.5": 0.9685971348667406,
    "41.5,-99.5": 0.0,
    "48.5,-107.5": 0.9999880125530262,
    "47.5,-118.5": 0.9793233378020884,
    "43.5,-100.5": 0.6328311999596032,
    "46.5,-110.5": 0.9999251351762984,
    "51.5,-110.5": 0.999998838138676,
    "50.5,-109.5": 0.9999970280169064,
    "42.5,-101.5": 0.721027113932302,
    "40.5,-114.5": 0.36499197186614246,
    "36.5,-102.5": 0.0,
    "43.5,-105.5": 0.4449657213077941,
    "49.5,-105.5": 0.9994256328167479,
    "46.5,-123.5": 0.8851350402410688,
    "42.5,-112.5": 0.9280906046757571,
    "49.5,-109.5": 0.9999978470188893,
    "30.5,-102.5": 0.0,
    "38.5,-111.5": 0.0,
    "41.5,-100.5": 0.0,
    "51.5,-111.5": 0.9999924353492058,
    "33.5,-102.5": 0.0,
    "41.5,-101.5": 0.5927697034634667,
    "42.5,-114.5": 0.5561245771235469,
    "39.5,-118.5": 0.0,
    "45.5,-122.5": 0.0,
    "35.5,-103.5": 0.0,
    "47.5,-102.5": 0.9603244128401887,
    "43.5,-103.5": 0.040119477362187114,
    "45.5,-102.5": 0.8393693662214678,
    "41.5,-119.5": 0.6075817770366293,
    "40.5,-108.5": 0.0,
    "42.5,-108.5": 0.9329268509441919,
    "44.5,-100.5": 0.7266203661969125,
    "42.5,-102.5": 0.0,
    "44.5,-107.5": 0.3726201602425251,
    "34.5,-104.5": 0.0,
    "42.5,-99.5": 0.0,
    "43.5,-104.5": 0.3656926769759397,
    "36.5,-100.5": 0.0,
    "53.5,-119.5": 0.9999983370562371,
    "32.5,-103.5": 0.0,
    "48.5,-104.5": 0.947921474064973,
    "37.5,-102.5": 0.0,
    "45.5,-101.5": 0.8505690213025946,
    "54.5,-123.5": 0.9999999736942607,
    "38.5,-112.5": 0.0,
    "44.5,-106.5": 0.9231909441145023,
    "36.5,-113.5": 0.0,
    "48.5,-109.5": 0.999967441144618,
    "51.5,-109.5": 0.9999922169845541,
    "49.5,-107.5": 0.9996463534017006,
    "47.5,-104.5": 0.9456753231424432,
    "35.5,-101.5": 0.0,
    "41.5,-102.5": 0.0,
    "41.5,-116.5": 0.0
}