{
    "39.5,-121.5": 4.655448231227121e-11,
    "10.5,-83.5": 2.3070626136625963e-10,
    "21.5,-104.5": 1.9500792246519325e-10,
    "32.5,-113.5": 1.4131486409139597e-11,
    "28.5,-94.5": 6.932383849822973e-11,
    "31.5,-112.5": 3.043472315143422e-11,
    "27.5,-109.5": 5.5796708069737e-11,
    "23.5,-105.5": 1.950079224651933e-10,
    "22.5,-104.5": 1.9500792246519307e-10,
    "39.5,-120.5": 3.2382605297992915e-11,
    "32.5,-114.5": 2.8479211778265208e-11,
    "31.5,-113.5": 3.630621678886301e-11,
    "28.5,-96.5": 5.0359483530502295e-11,
    "24.5,-103.5": 8.537404234967152e-11,
    "22.5,-105.5": 1.9500792246519328e-10,
    "26.5,-110.5": 6.011770240483784e-11,
    "23.5,-103.5": 9.100631249954818e-11,
    "27.5,-113.5": 1.1841736654558564e-11,
    "13.5,-86.5": 1.9500792246519305e-10,
    "30.5,-115.5": 6.011770240483775e-11,
    "25.5,-111.5": 1.393278719021284e-10,
    "33.5,-78.5": 1.9500792246519313e-10,
    "19.5,-95.5": 1.9500792246519297e-10,
    "32.5,-100.5": 1.7613786601645254e-12,
    "25.5,-99.5": 5.081538827737557e-11,
    "20.5,-102.5": 1.9500792246519305e-10,
    "29.5,-95.5": 3.0688373460862364e-11,
    "31.5,-101.5": 1.761378660164525e-12,
    "19.5,-98.5": 1.950079224651932e-10,
    "18.5,-103.5": 1.950079224651931e-10,
    "38.5,-119.5": 2.5939807255330846e-11,
    "24.5,-111.5": 5.0815388277375533e-11,
    "28.5,-111.5": 5.081538827737552e-11,
    "26.5,-112.5": 2.192601055581672e-11,
    "12.5,-86.5": 2.0006715061215983e-10,
    "27.5,-97.5": 2.5939807255330872e-11,
    "27.5,-108.5": 4.295246795014979e-11,
    "29.5,-113.5": 3.0688373460862396e-11,
    "30.5,-113.5": 1.9296571116361402e-11,
    "26.5,-108.5": 1.4132794375045266e-12,
    "31.5,-102.5": 1.4888316908222578e-12,
    "29.5,-106.5": 6.759424749808262e-12,
    "24.5,-106.5": 8.414273532853029e-11,
    "30.5,-107.5": 6.981607342505902e-14,
    "28.5,-104.5": 7.228160243485914e-12,
    "24.5,-96.5": 3.0688373460862377e-11
}